Season ID,Player,Mat,Inns,Overs,Mdns,Runs,Wkts,BBI,Ave,Econ,SR,4,5,Ct,St,player_id
12741,S Dhawan,16,0,0,0,0,0,,0,0,0,0,0,5,0,28235
13533,S Dhawan,17,0,0,0,0,0,,0,0,0,0,0,5,0,28235
13840,S Dhawan,9,0,0,0,0,0,,0,0,0,0,0,9,0,28235
12741,CA Ingram,12,0,0,0,0,0,,0,0,0,0,0,1,0,45705
12741,SS Iyer,16,0,0,0,0,0,,0,0,0,0,0,8,0,642519
13533,SS Iyer,17,0,0,0,0,0,,0,0,0,0,0,6,0,642519
13840,SS Iyer,1,0,0,0,0,0,,0,0,0,0,0,0,0,642519
13533,SO Hetmyer,12,0,0,0,0,0,,0,0,0,0,0,7,0,670025
13840,SO Hetmyer,7,0,0,0,0,0,,0,0,0,0,0,2,0,670025
13533,RR Pant,14,0,0,0,0,0,,0,0,0,0,0,13,0,931581
12741,C Munro,4,0,0,0,0,0,,0,0,0,0,0,0,0,232359
12741,PP Shaw,16,0,0,0,0,0,,0,0,0,0,0,2,0,1070168
13533,PP Shaw,13,0,0,0,0,0,,0,0,0,0,0,4,0,1070168
13840,PP Shaw,9,0,0,0,0,0,,0,0,0,0,0,1,0,1070168
13533,AM Rahane,9,0,0,0,0,0,,0,0,0,0,0,4,0,277916
13840,AM Rahane,2,0,0,0,0,0,,0,0,0,0,0,0,0,277916
13840,SPD Smith,6,0,0,0,0,0,,0,0,0,0,0,7,0,267192
13840,KM Jadhav,5,0,0,0,0,0,,0,0,0,0,0,2,0,290716
13840,WP Saha,3,0,0,0,0,0,,0,0,0,0,0,3,0,279810
12741,DA Warner,12,0,0,0,0,0,,0,0,0,0,0,2,0,219889
13840,DA Warner,7,0,0,0,0,0,,0,0,0,0,0,2,0,219889
12741,MJ Guptill,3,0,0,0,0,0,,0,0,0,0,0,1,0,226492
13533,SP Goswami,2,0,0,0,0,0,,0,0,0,0,0,1,0,302579
12741,MK Pandey,12,0,0,0,0,0,,0,0,0,0,0,7,0,290630
13533,MK Pandey,16,0,0,0,0,0,,0,0,0,0,0,7,0,290630
13840,MK Pandey,6,0,0,0,0,0,,0,0,0,0,0,3,0,290630
13840,Abdul Samad,5,0,0,0,0,0,,0,0,0,0,0,4,0,1175485
12741,RK Bhui,1,0,0,0,0,0,,0,0,0,0,0,0,0,642531
13533,PK Garg,14,0,0,0,0,0,,0,0,0,0,0,6,0,1070180
12741,KS Williamson,9,0,0,0,0,0,,0,0,0,0,0,2,0,277906
13840,KS Williamson,5,0,0,0,0,0,,0,0,0,0,0,2,0,277906
12741,DA Miller,1,0,0,0,0,0,,0,0,0,0,0,0,0,321777
13533,DA Miller,1,0,0,0,0,0,,0,0,0,0,0,0,0,321777
13840,DA Miller,1,0,0,0,0,0,,0,0,0,0,0,0,0,321777
12741,RV Uthappa,12,0,0,0,0,0,,0,0,0,0,0,3,0,35582
13533,RV Uthappa,12,0,0,0,0,0,,0,0,0,0,0,3,0,35582
13840,RV Uthappa,12,0,0,0,0,0,,0,0,0,0,0,3,0,35582
12741,JC Buttler,13,0,0,0,0,0,,0,0,0,0,0,6,0,308967
13533,JC Buttler,13,0,0,0,0,0,,0,0,0,0,0,6,0,308967
13840,JC Buttler,13,0,0,0,0,0,,0,0,0,0,0,6,0,308967
12741,SPD Smith,14,0,0,0,0,0,,0,0,0,0,0,2,0,267192
13533,SPD Smith,14,0,0,0,0,0,,0,0,0,0,0,2,0,267192
13840,SPD Smith,14,0,0,0,0,0,,0,0,0,0,0,2,0,267192
12741,YBK Jaiswal,3,0,0,0,0,0,,0,0,0,0,0,1,0,1151278
13533,YBK Jaiswal,3,0,0,0,0,0,,0,0,0,0,0,1,0,1151278
13840,YBK Jaiswal,3,0,0,0,0,0,,0,0,0,0,0,1,0,1151278
12741,MK Lomror,3,0,0,0,0,0,,0,0,0,0,0,0,0,853265
13533,MK Lomror,3,0,0,0,0,0,,0,0,0,0,0,0,0,853265
13840,MK Lomror,3,0,0,0,0,0,,0,0,0,0,0,0,0,853265
12741,KD Karthik,14,0,0,0,0,0,,0,0,0,0,0,9,0,30045
13533,KD Karthik,14,0,0,0,0,0,,0,0,0,0,0,9,0,30045
13840,KD Karthik,14,0,0,0,0,0,,0,0,0,0,0,9,0,30045
12741,EJG Morgan,14,0,0,0,0,0,,0,0,0,0,0,3,0,24598
13533,EJG Morgan,14,0,0,0,0,0,,0,0,0,0,0,3,0,24598
13840,EJG Morgan,14,0,0,0,0,0,,0,0,0,0,0,3,0,24598
12741,NS Naik,1,0,0,0,0,0,,0,0,0,0,0,1,0,554700
13533,NS Naik,1,0,0,0,0,0,,0,0,0,0,0,1,0,554700
13840,NS Naik,1,0,0,0,0,0,,0,0,0,0,0,1,0,554700
12741,Shubman Gill,14,0,0,0,0,0,,0,0,0,0,0,7,0,1070173
13533,Shubman Gill,14,0,0,0,0,0,,0,0,0,0,0,7,0,1070173
13840,Shubman Gill,14,0,0,0,0,0,,0,0,0,0,0,7,0,1070173
12741,RK Singh,1,0,0,0,0,0,,0,0,0,0,0,1,0,723105
13533,RK Singh,1,0,0,0,0,0,,0,0,0,0,0,1,0,723105
13840,RK Singh,1,0,0,0,0,0,,0,0,0,0,0,1,0,723105
12741,RA Tripathi,11,0,0,0,0,0,,0,0,0,0,0,3,0,446763
13533,RA Tripathi,11,0,0,0,0,0,,0,0,0,0,0,3,0,446763
13840,RA Tripathi,11,0,0,0,0,0,,0,0,0,0,0,3,0,446763
12741,MA Agarwal,11,0,0,0,0,0,,0,0,0,0,0,6,0,398438
13533,MA Agarwal,11,0,0,0,0,0,,0,0,0,0,0,6,0,398438
13840,MA Agarwal,11,0,0,0,0,0,,0,0,0,0,0,6,0,398438
12741,KK Nair,4,0,0,0,0,0,,0,0,0,0,0,1,0,398439
13533,KK Nair,4,0,0,0,0,0,,0,0,0,0,0,1,0,398439
13840,KK Nair,4,0,0,0,0,0,,0,0,0,0,0,1,0,398439
12741,SN Khan,5,0,0,0,0,0,,0,0,0,0,0,2,0,642525
13533,SN Khan,5,0,0,0,0,0,,0,0,0,0,0,2,0,642525
13840,SN Khan,5,0,0,0,0,0,,0,0,0,0,0,2,0,642525
12741,Mandeep Singh,7,0,0,0,0,0,,0,0,0,0,0,1,0,398506
13533,Mandeep Singh,7,0,0,0,0,0,,0,0,0,0,0,1,0,398506
13840,Mandeep Singh,7,0,0,0,0,0,,0,0,0,0,0,1,0,398506
12741,N Pooran,14,0,0,0,0,0,,0,0,0,0,0,7,0,604302
13533,N Pooran,14,0,0,0,0,0,,0,0,0,0,0,7,0,604302
13840,N Pooran,14,0,0,0,0,0,,0,0,0,0,0,7,0,604302
12741,KL Rahul,14,0,0,0,0,0,,0,0,0,0,0,10,0,422108
13533,KL Rahul,14,0,0,0,0,0,,0,0,0,0,0,10,0,422108
13840,KL Rahul,14,0,0,0,0,0,,0,0,0,0,0,10,0,422108
12741,S Dhawan,17,0,0,0,0,0,,0,0,0,0,0,5,0,28235
13533,S Dhawan,17,0,0,0,0,0,,0,0,0,0,0,5,0,28235
13840,S Dhawan,17,0,0,0,0,0,,0,0,0,0,0,5,0,28235
12741,SO Hetmyer,12,0,0,0,0,0,,0,0,0,0,0,7,0,670025
13533,SO Hetmyer,12,0,0,0,0,0,,0,0,0,0,0,7,0,670025
13840,SO Hetmyer,12,0,0,0,0,0,,0,0,0,0,0,7,0,670025
12741,SS Iyer,17,0,0,0,0,0,,0,0,0,0,0,6,0,642519
13533,SS Iyer,17,0,0,0,0,0,,0,0,0,0,0,6,0,642519
13840,SS Iyer,17,0,0,0,0,0,,0,0,0,0,0,6,0,642519
12741,RR Pant,14,0,0,0,0,0,,0,0,0,0,0,13,0,931581
13533,RR Pant,14,0,0,0,0,0,,0,0,0,0,0,13,0,931581
13840,RR Pant,14,0,0,0,0,0,,0,0,0,0,0,13,0,931581
12741,PP Shaw,13,0,0,0,0,0,,0,0,0,0,0,4,0,1070168
13533,PP Shaw,13,0,0,0,0,0,,0,0,0,0,0,4,0,1070168
13840,PP Shaw,13,0,0,0,0,0,,0,0,0,0,0,4,0,1070168
12741,AM Rahane,9,0,0,0,0,0,,0,0,0,0,0,4,0,277916
13533,AM Rahane,9,0,0,0,0,0,,0,0,0,0,0,4,0,277916
13840,AM Rahane,9,0,0,0,0,0,,0,0,0,0,0,4,0,277916
12741,AJ Finch,12,0,0,0,0,0,,0,0,0,0,0,3,0,5334
13533,AJ Finch,12,0,0,0,0,0,,0,0,0,0,0,3,0,5334
13840,AJ Finch,12,0,0,0,0,0,,0,0,0,0,0,3,0,5334
12741,Gurkeerat Singh,8,0,0,0,0,0,,0,0,0,0,0,5,0,537124
13533,Gurkeerat Singh,8,0,0,0,0,0,,0,0,0,0,0,5,0,537124
13840,Gurkeerat Singh,8,0,0,0,0,0,,0,0,0,0,0,5,0,537124
12741,V Kohli,15,0,0,0,0,0,,0,0,0,0,0,3,0,253802
13533,V Kohli,15,0,0,0,0,0,,0,0,0,0,0,3,0,253802
13840,V Kohli,15,0,0,0,0,0,,0,0,0,0,0,3,0,253802
12741,D Padikkal,15,0,0,0,0,0,,0,0,0,0,0,8,0,1119026
13533,D Padikkal,15,0,0,0,0,0,,0,0,0,0,0,8,0,1119026
13840,D Padikkal,15,0,0,0,0,0,,0,0,0,0,0,8,0,1119026
12741,JR Philippe,5,0,0,0,0,0,,0,0,0,0,0,0,0,1124282
13533,JR Philippe,5,0,0,0,0,0,,0,0,0,0,0,0,0,1124282
13840,JR Philippe,5,0,0,0,0,0,,0,0,0,0,0,0,0,1124282
12741,RG Sharma,12,0,0,0,0,0,,0,0,0,0,0,6,0,34102
13533,RG Sharma,12,0,0,0,0,0,,0,0,0,0,0,6,0,34102
13840,RG Sharma,12,0,0,0,0,0,,0,0,0,0,0,6,0,34102
12741,SS Tiwary,7,0,0,0,0,0,,0,0,0,0,0,1,0,35390
13533,SS Tiwary,7,0,0,0,0,0,,0,0,0,0,0,1,0,35390
13840,SS Tiwary,7,0,0,0,0,0,,0,0,0,0,0,1,0,35390
12741,Ishan Kishan,14,0,0,0,0,0,,0,0,0,0,0,1,0,720471
13533,Ishan Kishan,14,0,0,0,0,0,,0,0,0,0,0,1,0,720471
13840,Ishan Kishan,14,0,0,0,0,0,,0,0,0,0,0,1,0,720471
12741,SA Yadav,16,0,0,0,0,0,,0,0,0,0,0,8,0,446507
13533,SA Yadav,16,0,0,0,0,0,,0,0,0,0,0,8,0,446507
13840,SA Yadav,16,0,0,0,0,0,,0,0,0,0,0,8,0,446507
12741,HH Pandya,14,0,0,0,0,0,,0,0,0,0,0,6,0,625371
13533,HH Pandya,14,0,0,0,0,0,,0,0,0,0,0,6,0,625371
13840,HH Pandya,14,0,0,0,0,0,,0,0,0,0,0,6,0,625371
12741,F du Plessis,13,0,0,0,0,0,,0,0,0,0,0,12,0,44828
13533,F du Plessis,13,0,0,0,0,0,,0,0,0,0,0,12,0,44828
13840,F du Plessis,13,0,0,0,0,0,,0,0,0,0,0,12,0,44828
12741,RD Gaikwad,6,0,0,0,0,0,,0,0,0,0,0,4,0,1060380
13533,RD Gaikwad,6,0,0,0,0,0,,0,0,0,0,0,4,0,1060380
13840,RD Gaikwad,6,0,0,0,0,0,,0,0,0,0,0,4,0,1060380
12741,KM Jadhav,8,0,0,0,0,0,,0,0,0,0,0,1,0,290716
13533,KM Jadhav,8,0,0,0,0,0,,0,0,0,0,0,1,0,290716
13840,KM Jadhav,8,0,0,0,0,0,,0,0,0,0,0,1,0,290716
12741,AT Rayudu,12,0,0,0,0,0,,0,0,0,0,0,3,0,33141
13533,AT Rayudu,12,0,0,0,0,0,,0,0,0,0,0,3,0,33141
13840,AT Rayudu,12,0,0,0,0,0,,0,0,0,0,0,3,0,33141
12741,M Vijay,3,0,0,0,0,0,,0,0,0,0,0,0,0,237095
13533,M Vijay,3,0,0,0,0,0,,0,0,0,0,0,0,0,237095
13840,M Vijay,3,0,0,0,0,0,,0,0,0,0,0,0,0,237095
12741,SR Watson,11,0,0,0,0,0,,0,0,0,0,0,2,0,8180
13533,SR Watson,11,0,0,0,0,0,,0,0,0,0,0,2,0,8180
13840,SR Watson,11,0,0,0,0,0,,0,0,0,0,0,2,0,8180
12741,RR Pant,16,0,0,0,0,0,,0,0,0,0,0,18,6,931581
13840,RR Pant,9,0,0,0,0,0,,0,0,0,0,0,5,2,931581
12741,WP Saha,5,0,0,0,0,0,,0,0,0,0,0,3,1,279810
13533,WP Saha,4,0,0,0,0,0,,0,0,0,0,0,2,1,279810
12741,JM Bairstow,10,0,0,0,0,0,,0,0,0,0,0,9,2,297433
13533,JM Bairstow,11,0,0,0,0,0,,0,0,0,0,0,7,1,297433
13840,JM Bairstow,7,0,0,0,0,0,,0,0,0,0,0,2,1,297433
12741,SV Samson,14,0,0,0,0,0,,0,0,0,0,0,9,2,425943
13533,SV Samson,14,0,0,0,0,0,,0,0,0,0,0,9,2,425943
13840,SV Samson,14,0,0,0,0,0,,0,0,0,0,0,9,2,425943
12741,AB de Villiers,15,0,0,0,0,0,,0,0,0,0,0,10,1,44936
13533,AB de Villiers,15,0,0,0,0,0,,0,0,0,0,0,10,1,44936
13840,AB de Villiers,15,0,0,0,0,0,,0,0,0,0,0,10,1,44936
12741,Q de Kock,16,0,0,0,0,0,,0,0,0,0,0,18,4,379143
13533,Q de Kock,16,0,0,0,0,0,,0,0,0,0,0,18,4,379143
13840,Q de Kock,16,0,0,0,0,0,,0,0,0,0,0,18,4,379143
12741,MS Dhoni,14,0,0,0,0,0,,0,0,0,0,0,15,1,28081
13533,MS Dhoni,14,0,0,0,0,0,,0,0,0,0,0,15,1,28081
13840,MS Dhoni,14,0,0,0,0,0,,0,0,0,0,0,15,1,28081
13533,I Sharma,1,1,3,0,26,0,,0,8.66,0,0,0,0,0,236779
12741,Avesh Khan,1,1,3,0,30,0,,0,10,0,0,0,1,0,694211
13533,Avesh Khan,1,1,4,0,42,0,,0,10.5,0,0,0,0,0,694211
12741,GH Vihari,2,1,1,0,9,0,,0,9,0,0,0,0,0,452044
13533,MR Marsh,1,1,0.4,0,6,0,,0,9,0,0,0,0,0,272450
13840,J Suchith,2,2,7,0,66,0,,0,9.42,0,0,0,1,0,527663
13533,DA Warner,16,1,0.1,0,2,0,,0,12,0,0,0,12,0,219889
12741,Basil Thampi,3,3,12,0,110,0,,0,9.16,0,0,0,0,0,732291
12741,YK Pathan,10,1,1,0,8,0,,0,8,0,0,0,1,0,32498
13533,Mohammad Nabi,1,1,4,0,23,0,,0,5.75,0,0,0,0,0,25913
13533,KS Williamson,12,1,2,0,24,0,,0,12,0,0,0,6,0,277906
12741,VR Aaron,3,3,8,0,94,0,,0,11.75,0,0,0,0,0,360911
13533,VR Aaron,3,3,8,0,94,0,,0,11.75,0,0,0,0,0,360911
13840,VR Aaron,3,3,8,0,94,0,,0,11.75,0,0,0,0,0,360911
12741,R Parag,12,2,2,0,27,0,,0,13.5,0,0,0,1,0,1079434
13533,R Parag,12,2,2,0,27,0,,0,13.5,0,0,0,1,0,1079434
13840,R Parag,12,2,2,0,27,0,,0,13.5,0,0,0,1,0,1079434
12741,N Rana,14,2,2,0,23,0,,0,11.5,0,0,0,2,0,604527
13533,N Rana,14,2,2,0,23,0,,0,11.5,0,0,0,2,0,604527
13840,N Rana,14,2,2,0,23,0,,0,11.5,0,0,0,2,0,604527
12741,S Sandeep Warrier,1,1,3,0,34,0,,0,11.33,0,0,0,0,0,592735
13533,S Sandeep Warrier,1,1,3,0,34,0,,0,11.33,0,0,0,0,0,592735
13840,S Sandeep Warrier,1,1,3,0,34,0,,0,11.33,0,0,0,0,0,592735
12741,CH Gayle,7,1,0.5,0,5,0,,0,6,0,0,0,1,0,51880
13533,CH Gayle,7,1,0.5,0,5,0,,0,6,0,0,0,1,0,51880
13840,CH Gayle,7,1,0.5,0,5,0,,0,6,0,0,0,1,0,51880
12741,Harpreet Brar,1,1,4,0,41,0,,0,10.25,0,0,0,0,0,1168641
13533,Harpreet Brar,1,1,4,0,41,0,,0,10.25,0,0,0,0,0,1168641
13840,Harpreet Brar,1,1,4,0,41,0,,0,10.25,0,0,0,0,0,1168641
12741,Mujeeb Ur Rahman,2,2,8,0,83,0,,0,10.37,0,0,0,0,0,974109
13533,Mujeeb Ur Rahman,2,2,8,0,83,0,,0,10.37,0,0,0,0,0,974109
13840,Mujeeb Ur Rahman,2,2,8,0,83,0,,0,10.37,0,0,0,0,0,974109
12741,DJ Hooda,7,1,1,0,9,0,,0,9,0,0,0,3,0,497121
13533,DJ Hooda,7,1,1,0,9,0,,0,9,0,0,0,3,0,497121
13840,DJ Hooda,7,1,1,0,9,0,,0,9,0,0,0,3,0,497121
12741,I Sharma,1,1,3,0,26,0,,0,8.66,0,0,0,0,0,236779
13533,I Sharma,1,1,3,0,26,0,,0,8.66,0,0,0,0,0,236779
13840,I Sharma,1,1,3,0,26,0,,0,8.66,0,0,0,0,0,236779
12741,Avesh Khan,1,1,4,0,42,0,,0,10.5,0,0,0,0,0,694211
13533,Avesh Khan,1,1,4,0,42,0,,0,10.5,0,0,0,0,0,694211
13840,Avesh Khan,1,1,4,0,42,0,,0,10.5,0,0,0,0,0,694211
12741,UT Yadav,2,2,7,0,83,0,,0,11.85,0,0,0,0,0,376116
13533,UT Yadav,2,2,7,0,83,0,,0,11.85,0,0,0,0,0,376116
13840,UT Yadav,2,2,7,0,83,0,,0,11.85,0,0,0,0,0,376116
12741,DS Kulkarni,1,1,3,0,22,0,,0,7.33,0,0,0,0,0,277955
13533,DS Kulkarni,1,1,3,0,22,0,,0,7.33,0,0,0,0,0,277955
13840,DS Kulkarni,1,1,3,0,22,0,,0,7.33,0,0,0,0,0,277955
13840,A Mishra,4,4,14,0,109,6,4/24,18.16,7.78,14,1,0,0,0,31107
12741,K Rabada,12,12,47,0,368,25,4/21,14.72,7.82,11.2,2,0,6,0,550215
13533,K Rabada,17,17,65.4,1,548,30,4/24,18.26,8.34,13.1,2,0,8,0,550215
12741,Mohammad Nabi,8,8,29.1,0,194,8,4/11,24.25,6.65,21.8,1,0,6,0,25913
12741,PJ Cummins,14,14,52,0,409,12,4/34,34.08,7.86,26,1,0,3,0,489889
13533,PJ Cummins,14,14,52,0,409,12,4/34,34.08,7.86,26,1,0,3,0,489889
13840,PJ Cummins,14,14,52,0,409,12,4/34,34.08,7.86,26,1,0,3,0,489889
12741,CH Morris,9,9,31.4,1,210,11,4/26,19.09,6.63,17.2,1,0,7,0,439952
13533,CH Morris,9,9,31.4,1,210,11,4/26,19.09,6.63,17.2,1,0,7,0,439952
13840,CH Morris,9,9,31.4,1,210,11,4/26,19.09,6.63,17.2,1,0,7,0,439952
12741,TA Boult,15,15,57.2,3,457,25,4/18,18.28,7.97,13.7,1,0,4,0,277912
13533,TA Boult,15,15,57.2,3,457,25,4/18,18.28,7.97,13.7,1,0,4,0,277912
13840,TA Boult,15,15,57.2,3,457,25,4/18,18.28,7.97,13.7,1,0,4,0,277912
12741,JJ Bumrah,15,15,60,2,404,27,4/14,14.96,6.73,13.3,2,0,0,0,625383
13533,JJ Bumrah,15,15,60,2,404,27,4/14,14.96,6.73,13.3,2,0,0,0,625383
13840,JJ Bumrah,15,15,60,2,404,27,4/14,14.96,6.73,13.3,2,0,0,0,625383
12741,I Sharma,13,13,46,1,349,13,3/38,26.84,7.58,21.2,0,0,1,0,236779
13840,I Sharma,3,3,12,2,97,1,1/26,97,8.08,72,0,0,0,0,236779
13533,T Natarajan,16,16,62.5,1,504,16,2/24,31.5,8.02,23.5,0,0,3,0,802575
12741,B Kumar,15,15,59,1,461,13,2/24,35.46,7.81,27.2,0,0,4,0,326016
12741,Rashid Khan,15,15,60,1,377,17,3/21,22.17,6.28,21.1,0,0,4,0,793463
13533,Rashid Khan,16,16,64,1,344,20,3/7,17.2,5.37,19.2,0,0,3,0,793463
12741,Shivam Mavi,8,8,26,2,212,9,2/15,23.55,8.15,17.3,0,0,4,0,1079848
13533,Shivam Mavi,8,8,26,2,212,9,2/15,23.55,8.15,17.3,0,0,4,0,1079848
13840,Shivam Mavi,8,8,26,2,212,9,2/15,23.55,8.15,17.3,0,0,4,0,1079848
12741,Arshdeep Singh,8,8,24.5,1,218,9,3/23,24.22,8.77,16.5,0,0,2,0,1125976
13533,Arshdeep Singh,8,8,24.5,1,218,9,3/23,24.22,8.77,16.5,0,0,2,0,1125976
13840,Arshdeep Singh,8,8,24.5,1,218,9,3/23,24.22,8.77,16.5,0,0,2,0,1125976
12741,SS Cottrell,6,6,20,1,176,6,2/17,29.33,8.8,20,0,0,0,0,495551
13533,SS Cottrell,6,6,20,1,176,6,2/17,29.33,8.8,20,0,0,0,0,495551
13840,SS Cottrell,6,6,20,1,176,6,2/17,29.33,8.8,20,0,0,0,0,495551
12741,Ravi Bishnoi,14,14,51,1,376,12,3/29,31.33,7.37,25.5,0,0,2,0,1175441
13533,Ravi Bishnoi,14,14,51,1,376,12,3/29,31.33,7.37,25.5,0,0,2,0,1175441
13840,Ravi Bishnoi,14,14,51,1,376,12,3/29,31.33,7.37,25.5,0,0,2,0,1175441
12741,Washington Sundar,15,15,50,1,298,8,2/16,37.25,5.96,37.5,0,0,0,0,719715
13533,Washington Sundar,15,15,50,1,298,8,2/16,37.25,5.96,37.5,0,0,0,0,719715
13840,Washington Sundar,15,15,50,1,298,8,2/16,37.25,5.96,37.5,0,0,0,0,719715
12741,Mohammed Siraj,9,9,27.1,2,236,11,3/8,21.45,8.68,14.8,0,0,4,0,940973
13533,Mohammed Siraj,9,9,27.1,2,236,11,3/8,21.45,8.68,14.8,0,0,4,0,940973
13840,Mohammed Siraj,9,9,27.1,2,236,11,3/8,21.45,8.68,14.8,0,0,4,0,940973
12741,NA Saini,13,13,45.4,1,379,6,2/25,63.16,8.29,45.6,0,0,2,0,700167
13533,NA Saini,13,13,45.4,1,379,6,2/25,63.16,8.29,45.6,0,0,2,0,700167
13840,NA Saini,13,13,45.4,1,379,6,2/25,63.16,8.29,45.6,0,0,2,0,700167
12741,DL Chahar,14,14,52,2,396,12,2/18,33,7.61,26,0,0,3,0,447261
13533,DL Chahar,14,14,52,2,396,12,2/18,33,7.61,26,0,0,3,0,447261
13840,DL Chahar,14,14,52,2,396,12,2/18,33,7.61,26,0,0,3,0,447261
12741,A Mishra,11,11,40,0,270,11,3/17,24.54,6.75,21.8,0,0,1,0,31107
13533,A Mishra,3,3,10,0,72,3,2/35,24,7.2,20,0,0,1,0,31107
13533,R Ashwin,15,15,51,0,391,13,3/29,30.07,7.66,23.5,0,0,2,0,26421
13840,R Ashwin,6,6,21.5,0,169,1,1/47,169,7.74,131,0,0,0,0,26421
12741,CH Morris,9,9,33,0,306,13,3/22,23.53,9.27,15.2,0,0,4,0,439952
13533,MM Sharma,1,1,4,0,45,1,1/45,45,11.25,24,0,0,0,0,537119
13840,Avesh Khan,9,9,34,0,258,14,3/32,18.42,7.58,14.5,0,0,0,0,694211
12741,TA Boult,5,5,19,0,163,5,2/27,32.6,8.57,22.8,0,0,2,0,277912
12741,S Lamichhane,6,6,23,0,210,8,3/40,26.25,9.13,17.2,0,0,2,0,960361
13840,K Rabada,8,8,30,0,265,11,3/36,24.09,8.83,16.3,0,0,5,0,550215
13533,A Nortje,16,16,61,0,512,22,3/33,23.27,8.39,16.6,0,0,4,0,481979
13840,A Nortje,1,1,4,0,12,2,2/12,6,3,12,0,0,0,0,481979
12741,AR Patel,14,14,51,0,364,10,2/22,36.4,7.13,30.6,0,0,9,0,554691
13533,AR Patel,15,15,51,0,327,9,2/18,36.33,6.41,34,0,0,6,0,554691
13840,AR Patel,5,5,20,0,133,8,2/21,16.62,6.65,15,0,0,1,0,554691
12741,HV Patel,2,2,8,0,77,2,2/40,38.5,9.62,24,0,0,0,0,390481
13533,HV Patel,5,5,15,0,134,3,2/34,44.66,8.93,30,0,0,1,0,390481
12741,KMA Paul,8,8,27.1,0,237,9,3/17,26.33,8.72,18.1,0,0,5,0,677081
12741,SE Rutherford,7,6,6.5,0,59,1,1/6,59,8.63,41,0,0,5,0,914541
12741,R Tewatia,5,3,6.2,0,42,2,1/10,21,6.63,19,0,0,6,0,423838
13533,MP Stoinis,17,13,29.4,0,283,13,3/26,21.76,9.53,13.6,0,0,3,0,325012
13840,MP Stoinis,9,8,11.1,0,117,2,1/7,58.5,10.47,33.5,0,0,2,0,325012
12741,J Suchith,1,1,4,0,28,2,2/28,14,7,12,0,0,0,0,527663
13840,TK Curran,2,2,7.4,0,75,1,1/40,75,9.78,46,0,0,0,0,550235
13840,CR Woakes,3,3,11,0,82,5,2/18,16.4,7.45,13.2,0,0,0,0,247235
13533,JO Holder,7,7,28,0,233,14,3/25,16.64,8.32,12,0,0,0,0,391485
13840,JO Holder,2,2,7.5,0,63,3,3/30,21,8.04,15.6,0,0,0,0,391485
12741,V Shankar,15,5,8,0,70,1,1/11,70,8.75,48,0,0,10,0,477021
13533,V Shankar,7,5,13.1,0,82,4,1/11,20.5,6.22,19.7,0,0,1,0,477021
13840,V Shankar,7,5,11,0,100,3,2/19,33.33,9.09,22,0,0,3,0,477021
12741,S Kaul,7,7,27,0,242,6,2/34,40.33,8.96,27,0,0,1,0,326017
13533,S Kaul,1,1,4,0,64,2,2/64,32,16,12,0,0,0,0,326017
13840,S Kaul,3,3,11.4,0,90,3,2/31,30,7.71,23.3,0,0,0,0,326017
12741,Abhishek Sharma,3,2,2,0,21,1,1/10,21,10.5,12,0,0,1,0,1070183
13533,Abhishek Sharma,8,6,10,0,91,2,1/15,45.5,9.1,30,0,0,1,0,1070183
13840,Abhishek Sharma,3,3,6,0,43,2,2/24,21.5,7.16,18,0,0,1,0,1070183
12741,S Nadeem,3,3,9,0,90,2,1/24,45,10,27,0,0,0,0,31872
13533,S Nadeem,7,7,22,0,178,5,2/19,35.6,8.09,26.4,0,0,1,0,31872
13840,S Nadeem,1,1,4,0,36,1,1/36,36,9,24,0,0,1,0,31872
13533,Basil Thampi,1,1,4,0,46,1,1/46,46,11.5,24,0,0,0,0,732291
13840,Mujeeb Ur Rahman,1,1,4,0,29,2,2/29,14.5,7.25,12,0,0,0,0,974109
13840,T Natarajan,2,2,8,0,69,2,1/32,34.5,8.62,24,0,0,0,0,802575
12741,Sandeep Sharma,11,11,42.4,0,352,12,3/19,29.33,8.25,21.3,0,0,1,0,438362
13533,Sandeep Sharma,13,13,52,0,374,14,3/34,26.71,7.19,22.2,0,0,0,0,438362
13840,Sandeep Sharma,4,4,13.3,0,135,1,1/50,135,10,81,0,0,0,0,438362
12741,Shakib Al Hasan,3,3,10.5,0,95,2,1/26,47.5,8.76,32.5,0,0,0,0,56143
13533,B Kumar,4,4,14.1,0,99,3,2/25,33,6.98,28.3,0,0,0,0,326016
13840,B Kumar,6,6,22,0,194,3,1/16,64.66,8.81,44,0,0,0,0,326016
12741,DJ Hooda,11,2,2,0,21,1,1/13,21,10.5,12,0,0,10,0,497121
13533,Abdul Samad,12,3,7,0,96,1,1/41,96,13.71,42,0,0,5,0,1175485
12741,KK Ahmed,9,9,34.5,0,287,19,3/30,15.1,8.23,11,0,0,0,0,942645
13533,KK Ahmed,7,7,25.4,0,242,8,2/24,30.25,9.42,19.2,0,0,1,0,942645
13840,KK Ahmed,6,6,24,0,197,5,3/21,39.4,8.2,28.8,0,0,0,0,942645
13840,Mohammad Nabi,2,2,5,0,53,2,2/32,26.5,10.6,15,0,0,0,0,25913
13840,Rashid Khan,8,8,32,0,198,11,3/36,18,6.18,17.4,0,0,2,0,793463
12741,R Tewatia,14,14,46,0,326,10,3/25,32.6,7.08,27.6,0,0,9,0,423838
13533,R Tewatia,14,14,46,0,326,10,3/25,32.6,7.08,27.6,0,0,9,0,423838
13840,R Tewatia,14,14,46,0,326,10,3/25,32.6,7.08,27.6,0,0,9,0,423838
12741,JD Unadkat,7,7,23,0,228,4,2/32,57,9.91,34.5,0,0,1,0,390484
13533,JD Unadkat,7,7,23,0,228,4,2/32,57,9.91,34.5,0,0,1,0,390484
13840,JD Unadkat,7,7,23,0,228,4,2/32,57,9.91,34.5,0,0,1,0,390484
12741,AS Rajpoot,6,6,17,0,199,2,1/39,99.5,11.7,51,0,0,0,0,591650
13533,AS Rajpoot,6,6,17,0,199,2,1/39,99.5,11.7,51,0,0,0,0,591650
13840,AS Rajpoot,6,6,17,0,199,2,1/39,99.5,11.7,51,0,0,0,0,591650
12741,AJ Tye,1,1,4,0,50,1,1/50,50,12.5,24,0,0,0,0,459508
13533,AJ Tye,1,1,4,0,50,1,1/50,50,12.5,24,0,0,0,0,459508
13840,AJ Tye,1,1,4,0,50,1,1/50,50,12.5,24,0,0,0,0,459508
12741,TK Curran,5,5,18.1,0,208,3,1/37,69.33,11.44,36.3,0,0,1,0,550235
13533,TK Curran,5,5,18.1,0,208,3,1/37,69.33,11.44,36.3,0,0,1,0,550235
13840,TK Curran,5,5,18.1,0,208,3,1/37,69.33,11.44,36.3,0,0,1,0,550235
12741,S Gopal,14,14,50,0,427,10,2/28,42.7,8.54,30,0,0,2,0,344580
13533,S Gopal,14,14,50,0,427,10,2/28,42.7,8.54,30,0,0,2,0,344580
13840,S Gopal,14,14,50,0,427,10,2/28,42.7,8.54,30,0,0,2,0,344580
12741,JC Archer,14,14,55.4,0,365,20,3/19,18.25,6.55,16.7,0,0,5,0,669855
13533,JC Archer,14,14,55.4,0,365,20,3/19,18.25,6.55,16.7,0,0,5,0,669855
13840,JC Archer,14,14,55.4,0,365,20,3/19,18.25,6.55,16.7,0,0,5,0,669855
12741,BA Stokes,8,6,15,0,154,2,2/32,77,10.26,45,0,0,6,0,311158
13533,BA Stokes,8,6,15,0,154,2,2/32,77,10.26,45,0,0,6,0,311158
13840,BA Stokes,8,6,15,0,154,2,2/32,77,10.26,45,0,0,6,0,311158
12741,Kartik Tyagi,10,10,38.1,0,367,9,2/36,40.77,9.61,25.4,0,0,2,0,1122918
13533,Kartik Tyagi,10,10,38.1,0,367,9,2/36,40.77,9.61,25.4,0,0,2,0,1122918
13840,Kartik Tyagi,10,10,38.1,0,367,9,2/36,40.77,9.61,25.4,0,0,2,0,1122918
12741,AD Russell,10,7,18,0,175,6,2/29,29.16,9.72,18,0,0,2,0,276298
13533,AD Russell,10,7,18,0,175,6,2/29,29.16,9.72,18,0,0,2,0,276298
13840,AD Russell,10,7,18,0,175,6,2/29,29.16,9.72,18,0,0,2,0,276298
12741,CV Varun,13,13,52,0,356,17,5/20,20.94,6.84,18.3,0,1,3,0,1108375
13533,CV Varun,13,13,52,0,356,17,5/20,20.94,6.84,18.3,0,1,3,0,1108375
13840,CV Varun,13,13,52,0,356,17,5/20,20.94,6.84,18.3,0,1,3,0,1108375
12741,LH Ferguson,5,5,19.5,0,148,6,3/15,24.66,7.46,19.8,0,0,0,0,493773
13533,LH Ferguson,5,5,19.5,0,148,6,3/15,24.66,7.46,19.8,0,0,0,0,493773
13840,LH Ferguson,5,5,19.5,0,148,6,3/15,24.66,7.46,19.8,0,0,0,0,493773
12741,Kuldeep Yadav,5,4,12,0,92,1,1/20,92,7.66,72,0,0,0,0,559235
13533,Kuldeep Yadav,5,4,12,0,92,1,1/20,92,7.66,72,0,0,0,0,559235
13840,Kuldeep Yadav,5,4,12,0,92,1,1/20,92,7.66,72,0,0,0,0,559235
12741,KL Nagarkoti,10,9,26,0,231,5,2/13,46.2,8.88,31.2,0,0,4,0,1070188
13533,KL Nagarkoti,10,9,26,0,231,5,2/13,46.2,8.88,31.2,0,0,4,0,1070188
13840,KL Nagarkoti,10,9,26,0,231,5,2/13,46.2,8.88,31.2,0,0,4,0,1070188
12741,SP Narine,10,10,38,0,302,5,2/28,60.4,7.94,45.6,0,0,2,0,230558
13533,SP Narine,10,10,38,0,302,5,2/28,60.4,7.94,45.6,0,0,2,0,230558
13840,SP Narine,10,10,38,0,302,5,2/28,60.4,7.94,45.6,0,0,2,0,230558
12741,M Prasidh Krishna,6,6,17.3,0,164,4,3/29,41,9.37,26.2,0,0,1,0,917159
13533,M Prasidh Krishna,6,6,17.3,0,164,4,3/29,41,9.37,26.2,0,0,1,0,917159
13840,M Prasidh Krishna,6,6,17.3,0,164,4,3/29,41,9.37,26.2,0,0,1,0,917159
12741,M Ashwin,9,9,31.3,0,235,10,3/21,23.5,7.46,18.9,0,0,4,0,528067
13533,M Ashwin,9,9,31.3,0,235,10,3/21,23.5,7.46,18.9,0,0,4,0,528067
13840,M Ashwin,9,9,31.3,0,235,10,3/21,23.5,7.46,18.9,0,0,4,0,528067
12741,GJ Maxwell,13,7,21,0,169,3,1/10,56.33,8.04,42,0,0,4,0,325026
13533,GJ Maxwell,13,7,21,0,169,3,1/10,56.33,8.04,42,0,0,4,0,325026
13840,GJ Maxwell,13,7,21,0,169,3,1/10,56.33,8.04,42,0,0,4,0,325026
12741,Mohammed Shami,14,14,53.4,0,460,20,3/15,23,8.57,16.1,0,0,2,0,481896
13533,Mohammed Shami,14,14,53.4,0,460,20,3/15,23,8.57,16.1,0,0,2,0,481896
13840,Mohammed Shami,14,14,53.4,0,460,20,3/15,23,8.57,16.1,0,0,2,0,481896
12741,CJ Jordan,9,9,31.3,0,304,9,3/17,33.77,9.65,21,0,0,5,0,288992
13533,CJ Jordan,9,9,31.3,0,304,9,3/17,33.77,9.65,21,0,0,5,0,288992
13840,CJ Jordan,9,9,31.3,0,304,9,3/17,33.77,9.65,21,0,0,5,0,288992
12741,JDS Neesham,5,5,15,0,148,2,1/17,74,9.86,45,0,0,1,0,355269
13533,JDS Neesham,5,5,15,0,148,2,1/17,74,9.86,45,0,0,1,0,355269
13840,JDS Neesham,5,5,15,0,148,2,1/17,74,9.86,45,0,0,1,0,355269
12741,K Gowtham,2,2,8,0,84,1,1/45,84,10.5,48,0,0,0,0,424377
13533,K Gowtham,2,2,8,0,84,1,1/45,84,10.5,48,0,0,0,0,424377
13840,K Gowtham,2,2,8,0,84,1,1/45,84,10.5,48,0,0,0,0,424377
12741,AR Patel,15,15,51,0,327,9,2/18,36.33,6.41,34,0,0,6,0,554691
13533,AR Patel,15,15,51,0,327,9,2/18,36.33,6.41,34,0,0,6,0,554691
13840,AR Patel,15,15,51,0,327,9,2/18,36.33,6.41,34,0,0,6,0,554691
12741,A Mishra,3,3,10,0,72,3,2/35,24,7.2,20,0,0,1,0,31107
13533,A Mishra,3,3,10,0,72,3,2/35,24,7.2,20,0,0,1,0,31107
13840,A Mishra,3,3,10,0,72,3,2/35,24,7.2,20,0,0,1,0,31107
12741,R Ashwin,15,15,51,0,391,13,3/29,30.07,7.66,23.5,0,0,2,0,26421
13533,R Ashwin,15,15,51,0,391,13,3/29,30.07,7.66,23.5,0,0,2,0,26421
13840,R Ashwin,15,15,51,0,391,13,3/29,30.07,7.66,23.5,0,0,2,0,26421
12741,A Nortje,16,16,61,0,512,22,3/33,23.27,8.39,16.6,0,0,4,0,481979
13533,A Nortje,16,16,61,0,512,22,3/33,23.27,8.39,16.6,0,0,4,0,481979
13840,A Nortje,16,16,61,0,512,22,3/33,23.27,8.39,16.6,0,0,4,0,481979
12741,HV Patel,5,5,15,0,134,3,2/34,44.66,8.93,30,0,0,1,0,390481
13533,HV Patel,5,5,15,0,134,3,2/34,44.66,8.93,30,0,0,1,0,390481
13840,HV Patel,5,5,15,0,134,3,2/34,44.66,8.93,30,0,0,1,0,390481
12741,MP Stoinis,17,13,29.4,0,283,13,3/26,21.76,9.53,13.6,0,0,3,0,325012
13533,MP Stoinis,17,13,29.4,0,283,13,3/26,21.76,9.53,13.6,0,0,3,0,325012
13840,MP Stoinis,17,13,29.4,0,283,13,3/26,21.76,9.53,13.6,0,0,3,0,325012
12741,MM Sharma,1,1,4,0,45,1,1/45,45,11.25,24,0,0,0,0,537119
13533,MM Sharma,1,1,4,0,45,1,1/45,45,11.25,24,0,0,0,0,537119
13840,MM Sharma,1,1,4,0,45,1,1/45,45,11.25,24,0,0,0,0,537119
12741,DW Steyn,3,3,11.4,0,133,1,1/33,133,11.4,70,0,0,0,0,47492
13533,DW Steyn,3,3,11.4,0,133,1,1/33,133,11.4,70,0,0,0,0,47492
13840,DW Steyn,3,3,11.4,0,133,1,1/33,133,11.4,70,0,0,0,0,47492
12741,YS Chahal,15,15,57.1,0,405,21,3/18,19.28,7.08,16.3,0,0,1,0,430246
13533,YS Chahal,15,15,57.1,0,405,21,3/18,19.28,7.08,16.3,0,0,1,0,430246
13840,YS Chahal,15,15,57.1,0,405,21,3/18,19.28,7.08,16.3,0,0,1,0,430246
12741,A Zampa,3,3,11,0,92,2,1/12,46,8.36,33,0,0,1,0,379504
13533,A Zampa,3,3,11,0,92,2,1/12,46,8.36,33,0,0,1,0,379504
13840,A Zampa,3,3,11,0,92,2,1/12,46,8.36,33,0,0,1,0,379504
12741,MM Ali,3,3,5,0,42,1,1/21,42,8.4,30,0,0,1,0,8917
13533,MM Ali,3,3,5,0,42,1,1/21,42,8.4,30,0,0,1,0,8917
13840,MM Ali,3,3,5,0,42,1,1/21,42,8.4,30,0,0,1,0,8917
12741,S Dube,11,5,9,0,73,4,2/15,18.25,8.11,13.5,0,0,2,0,714451
13533,S Dube,11,5,9,0,73,4,2/15,18.25,8.11,13.5,0,0,2,0,714451
13840,S Dube,11,5,9,0,73,4,2/15,18.25,8.11,13.5,0,0,2,0,714451
12741,I Udana,10,10,29,0,282,8,2/41,35.25,9.72,21.7,0,0,3,0,328026
13533,I Udana,10,10,29,0,282,8,2/41,35.25,9.72,21.7,0,0,3,0,328026
13840,I Udana,10,10,29,0,282,8,2/41,35.25,9.72,21.7,0,0,3,0,328026
12741,NM Coulter-Nile,7,7,26,0,206,5,2/29,41.2,7.92,31.2,0,0,2,0,261354
13533,NM Coulter-Nile,7,7,26,0,206,5,2/29,41.2,7.92,31.2,0,0,2,0,261354
13840,NM Coulter-Nile,7,7,26,0,206,5,2/29,41.2,7.92,31.2,0,0,2,0,261354
12741,J Yadav,2,2,7,0,43,1,1/25,43,6.14,42,0,0,0,0,447587
13533,J Yadav,2,2,7,0,43,1,1/25,43,6.14,42,0,0,0,0,447587
13840,J Yadav,2,2,7,0,43,1,1/25,43,6.14,42,0,0,0,0,447587
12741,RD Chahar,15,15,53,0,433,15,2/18,28.86,8.16,21.2,0,0,4,0,1064812
13533,RD Chahar,15,15,53,0,433,15,2/18,28.86,8.16,21.2,0,0,4,0,1064812
13840,RD Chahar,15,15,53,0,433,15,2/18,28.86,8.16,21.2,0,0,4,0,1064812
12741,KH Pandya,16,16,50.1,0,380,6,2/26,63.33,7.57,50.1,0,0,4,0,471342
13533,KH Pandya,16,16,50.1,0,380,6,2/26,63.33,7.57,50.1,0,0,4,0,471342
13840,KH Pandya,16,16,50.1,0,380,6,2/26,63.33,7.57,50.1,0,0,4,0,471342
12741,JL Pattinson,10,10,35.3,0,320,11,2/19,29.09,9.01,19.3,0,0,2,0,272465
13533,JL Pattinson,10,10,35.3,0,320,11,2/19,29.09,9.01,19.3,0,0,2,0,272465
13840,JL Pattinson,10,10,35.3,0,320,11,2/19,29.09,9.01,19.3,0,0,2,0,272465
12741,KA Pollard,16,11,21,0,190,4,1/5,47.5,9.04,31.5,0,0,8,0,230559
13533,KA Pollard,16,11,21,0,190,4,1/5,47.5,9.04,31.5,0,0,8,0,230559
13840,KA Pollard,16,11,21,0,190,4,1/5,47.5,9.04,31.5,0,0,8,0,230559
12741,JR Hazlewood,3,3,10,0,64,1,1/19,64,6.4,60,0,0,0,0,288284
13533,JR Hazlewood,3,3,10,0,64,1,1/19,64,6.4,60,0,0,0,0,288284
13840,JR Hazlewood,3,3,10,0,64,1,1/19,64,6.4,60,0,0,0,0,288284
12741,Imran Tahir,3,3,11,0,76,1,1/24,76,6.9,66,0,0,0,0,40618
13533,Imran Tahir,3,3,11,0,76,1,1/24,76,6.9,66,0,0,0,0,40618
13840,Imran Tahir,3,3,11,0,76,1,1/24,76,6.9,66,0,0,0,0,40618
12741,MJ Santner,2,2,7,0,53,2,1/23,26.5,7.57,21,0,0,1,0,502714
13533,MJ Santner,2,2,7,0,53,2,1/23,26.5,7.57,21,0,0,1,0,502714
13840,MJ Santner,2,2,7,0,53,2,1/23,26.5,7.57,21,0,0,1,0,502714
12741,SM Curran,14,13,42,0,344,13,3/19,26.46,8.19,19.3,0,0,7,0,662973
13533,SM Curran,14,13,42,0,344,13,3/19,26.46,8.19,19.3,0,0,7,0,662973
13840,SM Curran,14,13,42,0,344,13,3/19,26.46,8.19,19.3,0,0,7,0,662973
12741,SN Thakur,9,9,32.2,0,275,10,2/28,27.5,8.5,19.4,0,0,2,0,475281
13533,SN Thakur,9,9,32.2,0,275,10,2/28,27.5,8.5,19.4,0,0,2,0,475281
13840,SN Thakur,9,9,32.2,0,275,10,2/28,27.5,8.5,19.4,0,0,2,0,475281
12741,DJ Bravo,6,6,21,0,180,6,3/37,30,8.57,21,0,0,1,0,51439
13533,DJ Bravo,6,6,21,0,180,6,3/37,30,8.57,21,0,0,1,0,51439
13840,DJ Bravo,6,6,21,0,180,6,3/37,30,8.57,21,0,0,1,0,51439
12741,KV Sharma,5,5,19,0,165,5,2/25,33,8.68,22.8,0,0,0,0,30288
13533,KV Sharma,5,5,19,0,165,5,2/25,33,8.68,22.8,0,0,0,0,30288
13840,KV Sharma,5,5,19,0,165,5,2/25,33,8.68,22.8,0,0,0,0,30288
12741,RA Jadeja,14,13,36.2,0,318,6,2/42,53,8.75,36.3,0,0,5,0,234675
13533,RA Jadeja,14,13,36.2,0,318,6,2/42,53,8.75,36.3,0,0,5,0,234675
13840,RA Jadeja,14,13,36.2,0,318,6,2/42,53,8.75,36.3,0,0,5,0,234675
12741,PP Chawla,7,7,21,0,191,6,2/33,31.83,9.09,21,0,0,0,0,32966
13533,PP Chawla,7,7,21,0,191,6,2/33,31.83,9.09,21,0,0,0,0,32966
13840,PP Chawla,7,7,21,0,191,6,2/33,31.83,9.09,21,0,0,0,0,32966
12741,L Ngidi,4,4,16,0,167,9,3/38,18.55,10.43,10.6,0,0,0,0,542023
13533,L Ngidi,4,4,16,0,167,9,3/38,18.55,10.43,10.6,0,0,0,0,542023
13840,L Ngidi,4,4,16,0,167,9,3/38,18.55,10.43,10.6,0,0,0,0,542023
